Chamber,Rate,Error
0,6999954.417408903,22594.72716914447
1,5582882.825391327,20178.494095296872
2,5501490.550728866,20030.86395328284
3,6281062.25670292,21403.068658522225
