Chamber,Rate,Error
0,8478471.486452224,11931.536824828505
1,7949842.081137218,11553.587422259237
2,8005638.400225671,11594.061212425153
3,8321408.962000407,11820.50516577638
