Chamber,Rate,Error
0,4964643.062854484,19302.486527556393
1,2854671.637338577,14636.839919835149
2,2809267.663928044,14519.972811261225
3,3201167.745167385,15499.705952115368
