Chamber,Rate,Error
0,7021056.707258494,20218.65376986139
1,5510784.539200759,17912.56216544149
2,5501002.908288476,17896.657724723365
3,6212907.677124666,19019.471505995785
