Chamber,Rate,Error
0,39390735.85676609,54096.161599581515
1,39622302.29189109,54254.93622672246
2,39714423.68411277,54317.97065742248
3,39807882.322350584,54381.84544179068
