Chamber,Rate,Error
0,39551603.83871513,51425.81912176194
1,39719501.655742615,51534.85564782637
2,39796596.90983767,51584.845785647325
3,39868677.29484589,51631.540399155456
