Chamber,Rate,Error
0,10962954.856361149,28281.633395435445
1,10621650.706794346,27837.91364258873
2,10560510.715914274,27757.678179623057
3,11815047.879616963,29360.16003268505
