Chamber,Rate,Error
0,17550173.010380626,103903.58115992986
1,18339407.920030758,106214.17264112271
2,18562091.503267974,106857.07199409588
3,20039061.899269514,111026.97532509382
