Chamber,Rate,Error
0,9276543.665556129,26848.410969144614
1,8459860.324614145,25639.35447673505
2,8396841.277087605,25543.679847757714
3,9450292.852078134,27098.679207257697
