Chamber,Rate,Error
0,38906193.795164205,52642.9856657864
1,39295963.758231506,52906.02245262845
2,39465490.89860069,53020.02085507933
3,39655888.39700692,53147.761989705
