Chamber,Rate,Error
0,4898880.704104085,19363.013586673012
1,2866009.757964221,14810.282775145906
2,2809834.49727351,14664.419923482248
3,3214158.614751746,15684.048287606565
