Chamber,Rate,Error
0,13431851.189130733,19068.410542136728
1,12285721.633367939,18236.726853569093
2,12340620.207710436,18277.42671629617
3,13217346.10871163,18915.537610558513
