Chamber,Rate,Error
0,6130089.035988893,8303.015756239623
1,5909686.445319397,8152.385169198904
2,5939724.985970393,8173.07792163667
3,6089681.519493562,8275.605146285376
