Chamber,Rate,Error
0,34816328.46736557,46170.10168962581
1,35981895.354906455,46936.57155192215
2,36326171.3757418,47160.58236278012
3,37134237.34106011,47682.234585081475
