Chamber,Rate,Error
0,19656850.702167924,36127.44714637375
1,18276086.451313037,34835.48862831375
2,18492347.53162246,35040.986811485716
3,20137777.63022476,36566.72580488201
