Chamber,Rate,Error
0,10196366.873243667,15007.206282796464
1,9604212.602577547,14564.916800656185
2,9660934.306746691,14607.86309597853
3,10166548.22035101,14985.246386316228
