Chamber,Rate,Error
0,7122607.718661656,9931.989523166309
1,6785899.151546208,9694.388954061167
2,6819248.700312825,9718.181471556736
3,7042253.033469001,9875.806055805382
