Chamber,Rate,Error
0,12772507.547885766,18005.22346614797
1,12327363.132305967,17688.684121976436
2,12371222.72576713,17720.123515737636
3,13214098.524180518,18313.830997425743
