Chamber,Rate,Error
0,38612088.66800482,27410.986301435427
1,39085220.799210735,27578.41483869952
2,39274870.62033161,27645.242044976785
3,39535468.85596168,27736.806830572055
