Chamber,Rate,Error
0,3509773.8332681637,15187.281408903182
1,898423.766072033,7683.889135876193
2,891589.1474141811,7654.606344482479
3,1064886.16088298,8365.503125047662
