Chamber,Rate,Error
0,4822167.579254949,6270.163637274508
1,4685165.195328679,6180.451174688643
2,4700223.71729439,6190.375456259719
3,4773225.34462573,6238.263206097836
