Chamber,Rate,Error
0,17194954.776414987,30938.890657321455
1,18094499.82673223,31737.85049394975
2,18134024.36325833,31772.494710929277
3,19788710.734669283,33190.43685951035
