Chamber,Rate,Error
0,3466500.698077344,16098.37760763129
1,789995.5330526072,7685.086886103788
2,778033.8329212154,7626.683175486973
3,910733.9437538432,8251.487113947747
