Chamber,Rate,Error
0,4207155.883779783,5742.173128655617
1,4067590.052015859,5646.1260407454265
2,4086117.322135464,5658.970065557483
3,4165477.363265376,5713.659690470621
