Chamber,Rate,Error
0,11149292.076054115,24879.438092249904
1,10759444.653408043,24440.599196752406
2,10658846.030532127,24326.073550199835
3,11939535.342067242,25746.051511393223
