Chamber,Rate,Error
0,9133617.052167363,25749.552407258474
1,8335816.629311362,24599.278031740407
2,8271135.994482909,24503.654801393168
3,9401341.1613114,26124.211511683327
