Chamber,Rate,Error
0,13104387.18776569,21797.154937409585
1,12304392.988766,21121.34399459497
2,12339742.834405007,21151.662465334743
3,13220951.03774457,21893.88343069981
